wl,power
119.5,6.1900E-05
120.5,5.6140E-04
121.5,4.9010E-03
122.5,1.1840E-03
123.5,4.7700E-05
124.5,3.4300E-05
125.5,2.8800E-05
126.5,3.5200E-05
127.5,2.1300E-05
128.5,1.7300E-05
129.5,3.9900E-05
130.5,1.2060E-04
131.5,3.9800E-05
132.5,4.1300E-05
133.5,1.6800E-04
134.5,4.5700E-05
135.5,3.8000E-05
136.5,3.0900E-05
137.5,2.9200E-05
138.5,3.9700E-05
139.5,7.5600E-05
140.5,6.0800E-05
141.5,4.2100E-05
142.5,4.6800E-05
143.5,5.1100E-05
144.5,5.0900E-05
145.5,5.5400E-05
146.5,7.0900E-05
147.5,8.4900E-05
148.5,8.2000E-05
149.5,7.9600E-05
150.5,8.7000E-05
151.5,9.2700E-05
152.5,1.1630E-04
153.5,1.2990E-04
154.5,2.0590E-04
155.5,2.1440E-04
156.5,1.8470E-04
157.5,1.7170E-04
158.5,1.6750E-04
159.5,1.7540E-04
160.5,1.9340E-04
161.5,2.2280E-04
162.5,2.5190E-04
163.5,2.8410E-04
164.5,2.9730E-04
165.5,4.3020E-04
166.5,3.9890E-04
167.5,3.8750E-04
168.5,4.5560E-04
169.5,5.8770E-04
170.5,6.6160E-04
171.5,6.8800E-04
172.5,7.2520E-04
173.5,7.6450E-04
174.5,9.0670E-04
175.5,1.0790E-03
176.5,1.2200E-03
177.5,1.4030E-03
178.5,1.5380E-03
179.5,1.5760E-03
180.5,1.8310E-03
181.5,2.2330E-03
182.5,2.2430E-03
183.5,2.2440E-03
184.5,2.0660E-03
185.5,2.3110E-03
186.5,2.7000E-03
187.5,3.0090E-03
188.5,3.2910E-03
189.5,3.5690E-03
190.5,3.7640E-03
191.5,4.1650E-03
192.5,4.1130E-03
193.5,3.8080E-03
194.5,5.2100E-03
195.5,5.4270E-03
196.5,6.0080E-03
197.5,6.1910E-03
198.5,6.1870E-03
199.5,6.6640E-03
200.5,7.3260E-03
201.5,8.0230E-03
202.5,8.2610E-03
203.5,9.2170E-03
204.5,1.0250E-02
205.5,1.0540E-02
206.5,1.1080E-02
207.5,1.2650E-02
208.5,1.5050E-02
209.5,2.1380E-02
210.5,2.7920E-02
211.5,3.3540E-02
212.5,3.1300E-02
213.5,3.3150E-02
214.5,4.0030E-02
215.5,3.6150E-02
216.5,3.2270E-02
217.5,3.5290E-02
218.5,4.4370E-02
219.5,4.6920E-02
220.5,4.7330E-02
221.5,3.9580E-02
222.5,4.9650E-02
223.5,6.3010E-02
224.5,5.8970E-02
225.5,5.2290E-02
226.5,3.9400E-02
227.5,3.9920E-02
228.5,5.1950E-02
229.5,4.7710E-02
230.5,5.2120E-02
231.5,5.0970E-02
232.5,5.3260E-02
233.5,4.4740E-02
234.5,3.8970E-02
235.5,5.1420E-02
236.5,4.8590E-02
237.5,4.8440E-02
238.5,4.1960E-02
239.5,4.4120E-02
240.5,3.9560E-02
241.5,5.1480E-02
242.5,7.0600E-02
243.5,6.6530E-02
244.5,6.0970E-02
245.5,4.9390E-02
246.5,5.0400E-02
247.5,5.5500E-02
248.5,4.5650E-02
249.5,5.6380E-02
250.5,6.0100E-02
251.5,4.6010E-02
252.5,4.1550E-02
253.5,5.1550E-02
254.5,5.9570E-02
255.5,7.9300E-02
256.5,1.0180E-01
257.5,1.2540E-01
258.5,1.2510E-01
259.5,1.0400E-01
260.5,8.5510E-02
261.5,8.9800E-02
262.5,1.0360E-01
263.5,1.6580E-01
264.5,2.4970E-01
265.5,2.5270E-01
266.5,2.4940E-01
267.5,2.5080E-01
268.5,2.4380E-01
269.5,2.3890E-01
270.5,2.6730E-01
271.5,2.2440E-01
272.5,1.9740E-01
273.5,1.9650E-01
274.5,1.3260E-01
275.5,1.7510E-01
276.5,2.4280E-01
277.5,2.3380E-01
278.5,1.5930E-01
279.5,8.5550E-02
280.5,9.4630E-02
281.5,2.0830E-01
282.5,2.9410E-01
283.5,3.1350E-01
284.5,2.3530E-01
285.5,1.6310E-01
286.5,3.2270E-01
287.5,3.3630E-01
288.5,3.2220E-01
289.5,4.7270E-01
290.5,6.0130E-01
291.5,5.8080E-01
292.5,5.2190E-01
293.5,5.3550E-01
294.5,5.0880E-01
295.5,5.5320E-01
296.5,5.0960E-01
297.5,5.0730E-01
298.5,4.6550E-01
299.5,4.8400E-01
300.5,4.2000E-01
301.5,4.5550E-01
302.5,4.8900E-01
303.5,6.2060E-01
304.5,6.0250E-01
305.5,5.9480E-01
306.5,5.5570E-01
307.5,6.1500E-01
308.5,6.1140E-01
309.5,4.9650E-01
310.5,6.2240E-01
311.5,7.2920E-01
312.5,6.5590E-01
313.5,6.9990E-01
314.5,6.6290E-01
315.5,6.3300E-01
316.5,6.3320E-01
317.5,7.7390E-01
318.5,6.6490E-01
319.5,7.1050E-01
320.5,8.0510E-01
321.5,6.9950E-01
322.5,6.8860E-01
323.5,6.6130E-01
324.5,7.6080E-01
325.5,8.7580E-01
326.5,9.7950E-01
327.5,9.5270E-01
328.5,9.1760E-01
329.5,1.0610E+00
330.5,1.0160E+00
331.5,9.6570E-01
332.5,9.5490E-01
333.5,9.2160E-01
334.5,9.5890E-01
335.5,9.4340E-01
336.5,8.0950E-01
337.5,8.4180E-01
338.5,9.2150E-01
339.5,9.5810E-01
340.5,1.0070E+00
341.5,9.2380E-01
342.5,9.9300E-01
343.5,9.5060E-01
344.5,7.9570E-01
345.5,9.3920E-01
346.5,9.2640E-01
347.5,9.0170E-01
348.5,8.9720E-01
349.5,8.8980E-01
350.5,1.0500E+00
351.5,9.7950E-01
352.5,9.0790E-01
353.5,1.0330E+00
354.5,1.1110E+00
355.5,1.0450E+00
356.5,9.1230E-01
357.5,7.9600E-01
358.5,6.9360E-01
359.5,9.9110E-01
360.5,9.7080E-01
361.5,8.7810E-01
362.5,9.9780E-01
363.5,9.9690E-01
364.5,1.0130E+00
365.5,1.1520E+00
366.5,1.2330E+00
367.5,1.1800E+00
368.5,1.1010E+00
369.5,1.2260E+00
370.5,1.1390E+00
371.5,1.1750E+00
372.5,1.0540E+00
373.5,9.2020E-01
374.5,9.0040E-01
375.5,1.0620E+00
376.5,1.0850E+00
377.5,1.2820E+00
378.5,1.3270E+00
379.5,1.0660E+00
380.5,1.2020E+00
381.5,1.0820E+00
382.5,7.9130E-01
383.5,6.8410E-01
384.5,9.5970E-01
385.5,1.0080E+00
386.5,1.0070E+00
387.5,1.0040E+00
388.5,9.8430E-01
389.5,1.1740E+00
390.5,1.2470E+00
391.5,1.3420E+00
392.5,1.0190E+00
393.5,5.8230E-01
394.5,1.0260E+00
395.5,1.3140E+00
396.5,8.5450E-01
397.5,9.2880E-01
398.5,1.5220E+00
399.5,1.6630E+00
400.5,1.6820E+00
401.5,1.7460E+00
402.5,1.7590E+00
403.5,1.6840E+00
404.5,1.6740E+00
405.5,1.6670E+00
406.5,1.5890E+00
407.5,1.6280E+00
408.5,1.7350E+00
409.5,1.7150E+00
410.5,1.5320E+00
411.5,1.8170E+00
412.5,1.7890E+00
413.5,1.7560E+00
414.5,1.7370E+00
415.5,1.7340E+00
416.5,1.8420E+00
417.5,1.6650E+00
418.5,1.6840E+00
419.5,1.7010E+00
420.5,1.7570E+00
421.5,1.7970E+00
422.5,1.5820E+00
423.5,1.7110E+00
424.5,1.7670E+00
425.5,1.6950E+00
426.5,1.6980E+00
427.5,1.5690E+00
428.5,1.5870E+00
429.5,1.4750E+00
430.5,1.1350E+00
431.5,1.6860E+00
432.5,1.6460E+00
433.5,1.7310E+00
434.5,1.6700E+00
435.5,1.7230E+00
436.5,1.9290E+00
437.5,1.8060E+00
438.5,1.5670E+00
439.5,1.8250E+00
440.5,1.7130E+00
441.5,1.9310E+00
442.5,1.9800E+00
443.5,1.9090E+00
444.5,1.9730E+00
445.5,1.8210E+00
446.5,1.8910E+00
447.5,2.0770E+00
448.5,1.9730E+00
449.5,2.0270E+00
450.5,2.1440E+00
451.5,2.1090E+00
452.5,1.9410E+00
453.5,1.9700E+00
454.5,1.9790E+00
455.5,2.0340E+00
456.5,2.0770E+00
457.5,2.1000E+00
458.5,1.9710E+00
459.5,2.0090E+00
460.5,2.0400E+00
461.5,2.0550E+00
462.5,2.1040E+00
463.5,2.0400E+00
464.5,1.9760E+00
465.5,2.0420E+00
466.5,1.9210E+00
467.5,2.0150E+00
468.5,1.9940E+00
469.5,1.9900E+00
470.5,1.8770E+00
471.5,2.0180E+00
472.5,2.0410E+00
473.5,1.9910E+00
474.5,2.0510E+00
475.5,2.0160E+00
476.5,1.9560E+00
477.5,2.0750E+00
478.5,2.0090E+00
479.5,2.0760E+00
480.5,2.0350E+00
481.5,2.0900E+00
482.5,2.0230E+00
483.5,2.0190E+00
484.5,1.9690E+00
485.5,1.8300E+00
486.5,1.6250E+00
487.5,1.8300E+00
488.5,1.9140E+00
489.5,1.9600E+00
490.5,2.0070E+00
491.5,1.8960E+00
492.5,1.8960E+00
493.5,1.8880E+00
494.5,2.0580E+00
495.5,1.9260E+00
496.5,2.0170E+00
497.5,2.0180E+00
498.5,1.8660E+00
499.5,1.9700E+00
500.5,1.8570E+00
501.5,1.8120E+00
502.5,1.8940E+00
503.5,1.9340E+00
504.5,1.8690E+00
505.5,1.9930E+00
506.5,1.9610E+00
507.5,1.9060E+00
508.5,1.9190E+00
509.5,1.9160E+00
510.5,1.9470E+00
511.5,1.9970E+00
512.5,1.8670E+00
513.5,1.8610E+00
514.5,1.8740E+00
515.5,1.9000E+00
516.5,1.6690E+00
517.5,1.7260E+00
518.5,1.6540E+00
519.5,1.8280E+00
520.5,1.8310E+00
521.5,1.9060E+00
522.5,1.8230E+00
523.5,1.8940E+00
524.5,1.9580E+00
525.5,1.9300E+00
526.5,1.6740E+00
527.5,1.8280E+00
528.5,1.8970E+00
529.5,1.9180E+00
530.5,1.9520E+00
531.5,1.9630E+00
532.5,1.7700E+00
533.5,1.9230E+00
534.5,1.8580E+00
535.5,1.9900E+00
536.5,1.8710E+00
537.5,1.8820E+00
538.5,1.9040E+00
539.5,1.8320E+00
540.5,1.7690E+00
541.5,1.8810E+00
542.5,1.8250E+00
543.5,1.8790E+00
544.5,1.8790E+00
545.5,1.9010E+00
546.5,1.8790E+00
547.5,1.8330E+00
548.5,1.8630E+00
549.5,1.8950E+00
550.5,1.8620E+00
551.5,1.8710E+00
552.5,1.8460E+00
553.5,1.8820E+00
554.5,1.8980E+00
555.5,1.8970E+00
556.5,1.8210E+00
557.5,1.8460E+00
558.5,1.7870E+00
559.5,1.8080E+00
560.5,1.8430E+00
561.5,1.8240E+00
562.5,1.8500E+00
563.5,1.8610E+00
564.5,1.8540E+00
565.5,1.7980E+00
566.5,1.8290E+00
567.5,1.8870E+00
568.5,1.8100E+00
569.5,1.8600E+00
570.5,1.7690E+00
571.5,1.8230E+00
572.5,1.8920E+00
573.5,1.8760E+00
574.5,1.8670E+00
575.5,1.8300E+00
576.5,1.8460E+00
577.5,1.8570E+00
578.5,1.7830E+00
579.5,1.8280E+00
580.5,1.8380E+00
581.5,1.8530E+00
582.5,1.8730E+00
583.5,1.8570E+00
584.5,1.8600E+00
585.5,1.7830E+00
586.5,1.8300E+00
587.5,1.8480E+00
588.5,1.7500E+00
589.5,1.6120E+00
590.5,1.8130E+00
591.5,1.7870E+00
592.5,1.8080E+00
593.5,1.7960E+00
594.5,1.7730E+00
595.5,1.7820E+00
596.5,1.8050E+00
597.5,1.7800E+00
598.5,1.7570E+00
599.5,1.7740E+00
600.5,1.7460E+00
601.5,1.7510E+00
602.5,1.7190E+00
603.5,1.7870E+00
604.5,1.7760E+00
605.5,1.7630E+00
606.5,1.7590E+00
607.5,1.7570E+00
608.5,1.7430E+00
609.5,1.7440E+00
610.5,1.7030E+00
611.5,1.7460E+00
612.5,1.7050E+00
613.5,1.6830E+00
614.5,1.7130E+00
615.5,1.7130E+00
616.5,1.6090E+00
617.5,1.7070E+00
618.5,1.7240E+00
619.5,1.7070E+00
620.5,1.7340E+00
621.5,1.6900E+00
622.5,1.7130E+00
623.5,1.6660E+00
624.5,1.6560E+00
625.5,1.6320E+00
626.5,1.6970E+00
627.5,1.6970E+00
628.5,1.6970E+00
629.5,1.6770E+00
631,1.6390E+00
633,1.6510E+00
635,1.6560E+00
637,1.6540E+00
639,1.6510E+00
641,1.6140E+00
643,1.6210E+00
645,1.6270E+00
647,1.6030E+00
649,1.5580E+00
651,1.6060E+00
653,1.5990E+00
655,1.5320E+00
657,1.3840E+00
659,1.5490E+00
661,1.5710E+00
663,1.5550E+00
665,1.5600E+00
667,1.5350E+00
669,1.5460E+00
671,1.5160E+00
673,1.5210E+00
675,1.5100E+00
677,1.5080E+00
679,1.4980E+00
681,1.4920E+00
683,1.4790E+00
685,1.4550E+00
687,1.4670E+00
689,1.4610E+00
691,1.4480E+00
693,1.4480E+00
695,1.4360E+00
697,1.4160E+00
699,1.4250E+00
701,1.3860E+00
703,1.3880E+00
705,1.4150E+00
707,1.4000E+00
709,1.3840E+00
711,1.3850E+00
713,1.3730E+00
715,1.3660E+00
717,1.3540E+00
719,1.3280E+00
721,1.3310E+00
723,1.3480E+00
725,1.3500E+00
727,1.3460E+00
729,1.3190E+00
731,1.3260E+00
733,1.3180E+00
735,1.3090E+00
737,1.3070E+00
739,1.2780E+00
741,1.2580E+00
743,1.2860E+00
745,1.2790E+00
747,1.2830E+00
749,1.2700E+00
751,1.2620E+00
753,1.2590E+00
755,1.2550E+00
757,1.2480E+00
759,1.2400E+00
761,1.2370E+00
763,1.2410E+00
765,1.2210E+00
767,1.1850E+00
769,1.2030E+00
771,1.2040E+00
773,1.2080E+00
775,1.1880E+00
777,1.1960E+00
779,1.1870E+00
781,1.1870E+00
783,1.1760E+00
785,1.1800E+00
787,1.1770E+00
789,1.1740E+00
791,1.1580E+00
793,1.1430E+00
795,1.1340E+00
797,1.1520E+00
799,1.1350E+00
801,1.1420E+00
803,1.1290E+00
805,1.1150E+00
807,1.1200E+00
809,1.0950E+00
811,1.1140E+00
813,1.1150E+00
815,1.1070E+00
817,1.1040E+00
819,1.0630E+00
821,1.0800E+00
823,1.0730E+00
825,1.0750E+00
826,1.0800E+00
828,1.0810E+00
830,1.0630E+00
832,1.0510E+00
834,1.0410E+00
836,1.0520E+00
838,1.0440E+00
840,1.0400E+00
842,1.0360E+00
844,1.0240E+00
846,1.0280E+00
848,1.0230E+00
850,9.6600E-01
852,9.9610E-01
854,8.7800E-01
856,9.7550E-01
858,1.0050E+00
860,9.9690E-01
862,9.9490E-01
864,9.9930E-01
866,8.8620E-01
868,9.3950E-01
870,9.7470E-01
872,9.8330E-01
874,9.7130E-01
876,9.6400E-01
878,9.7490E-01
880,9.5540E-01
882,9.5110E-01
884,9.5790E-01
886,9.3830E-01
888,9.4430E-01
890,9.5300E-01
892,9.3940E-01
894,9.3320E-01
896,9.3870E-01
898,9.3390E-01
900,9.1580E-01
902,8.9160E-01
904,9.2850E-01
906,9.1760E-01
908,9.0250E-01
910,8.9160E-01
912,8.9670E-01
914,9.0710E-01
916,9.0040E-01
918,8.9510E-01
920,8.9080E-01
922,8.6300E-01
924,8.5850E-01
926,8.6120E-01
928,8.7690E-01
930,8.6770E-01
932,8.6510E-01
934,8.6410E-01
936,8.5470E-01
938,8.5800E-01
940,8.4380E-01
942,8.2500E-01
944,8.3240E-01
946,8.3750E-01
948,8.4070E-01
950,8.3690E-01
952,8.3170E-01
954,8.0800E-01
956,8.0820E-01
958,8.1880E-01
960,8.1510E-01
962,8.0890E-01
964,8.0130E-01
966,7.9470E-01
968,7.9690E-01
970,7.9590E-01
972,7.9360E-01
974,7.8150E-01
976,7.8250E-01
978,7.7790E-01
980,7.7460E-01
982,7.7640E-01
984,7.6980E-01
986,7.6610E-01
988,7.6150E-01
990,7.5410E-01
992,7.5670E-01
994,7.5560E-01
996,7.5250E-01
998,7.5100E-01
1000,7.4790E-01
1002,7.4690E-01
1004,7.2610E-01
1006,7.1360E-01
1008,7.3350E-01
1010,7.3130E-01
1012,7.2620E-01
1014,7.2100E-01
1016,7.1390E-01
1018,7.1070E-01
1020,7.0410E-01
1022,7.0210E-01
1024,7.0540E-01
1026,7.0270E-01
1028,6.9890E-01
1030,6.9370E-01
1032,6.9050E-01
1034,6.8170E-01
1036,6.8400E-01
1038,6.7720E-01
1040,6.7610E-01
1042,6.7460E-01
1044,6.7140E-01
1046,6.6000E-01
1048,6.6440E-01
1050,6.6220E-01
1052,6.5860E-01
1054,6.5490E-01
1056,6.5570E-01
1058,6.4510E-01
1060,6.4150E-01
1062,6.4380E-01
1064,6.4590E-01
1066,6.3950E-01
1068,6.3170E-01
1070,6.2410E-01
1072,6.3260E-01
1074,6.2760E-01
1076,6.2800E-01
1078,6.2720E-01
1080,6.2470E-01
1082,6.0990E-01
1084,6.1800E-01
1086,6.2080E-01
1088,6.1030E-01
1090,6.1990E-01
1092,6.1590E-01
1094,5.8490E-01
1096,5.9830E-01
1098,5.9610E-01
1100,6.0420E-01
1102,5.9320E-01
1104,5.9740E-01
1106,5.9450E-01
1108,5.9160E-01
1110,5.9060E-01
1112,5.8430E-01
1114,5.8440E-01
1116,5.8310E-01
1118,5.8150E-01
1120,5.7410E-01
1122,5.7960E-01
1124,5.7690E-01
1126,5.6550E-01
1128,5.7000E-01
1130,5.6530E-01
1132,5.6780E-01
1134,5.6380E-01
1136,5.6580E-01
1138,5.5690E-01
1140,5.5300E-01
1142,5.5310E-01
1144,5.5140E-01
1146,5.5480E-01
1148,5.5250E-01
1150,5.4890E-01
1152,5.4580E-01
1154,5.4790E-01
1156,5.4550E-01
1158,5.4350E-01
1160,5.3200E-01
1162,5.3250E-01
1164,5.3320E-01
1166,5.3030E-01
1168,5.3120E-01
1170,5.2760E-01
1172,5.3150E-01
1174,5.2730E-01
1176,5.1840E-01
1178,5.1900E-01
1180,5.2390E-01
1182,5.1590E-01
1184,5.1030E-01
1186,5.1870E-01
1188,5.0750E-01
1190,5.0850E-01
1192,5.1610E-01
1194,5.1450E-01
1196,5.0840E-01
1198,4.9430E-01
1200,5.0030E-01
1202,5.0680E-01
1204,4.9480E-01
1206,5.0390E-01
1208,4.8900E-01
1210,4.8820E-01
1212,4.9330E-01
1214,4.9420E-01
1216,4.9300E-01
1218,4.8970E-01
1220,4.8750E-01
1222,4.8540E-01
1224,4.8460E-01
1226,4.8170E-01
1228,4.7710E-01
1230,4.7920E-01
1232,4.7500E-01
1234,4.7290E-01
1236,4.7190E-01
1238,4.7030E-01
1240,4.6530E-01
1242,4.6420E-01
1244,4.6190E-01
1246,4.6350E-01
1248,4.6330E-01
1250,4.6240E-01
1252,4.5710E-01
1254,4.5740E-01
1256,4.5510E-01
1258,4.5330E-01
1260,4.5300E-01
1262,4.4970E-01
1264,4.4780E-01
1266,4.4670E-01
1268,4.4170E-01
1270,4.4530E-01
1272,4.4520E-01
1274,4.4310E-01
1276,4.4510E-01
1278,4.4400E-01
1280,4.3560E-01
1282,4.0140E-01
1284,4.2590E-01
1286,4.3280E-01
1288,4.3140E-01
1290,4.2550E-01
1292,4.2540E-01
1294,4.2230E-01
1296,4.2240E-01
1298,4.1840E-01
1300,4.1860E-01
1302,4.1390E-01
1304,4.1110E-01
1306,4.1360E-01
1308,4.1230E-01
1310,4.1060E-01
1312,4.0330E-01
1314,4.0220E-01
1316,3.9790E-01
1318,4.0170E-01
1320,4.0160E-01
1322,3.9860E-01
1324,3.9810E-01
1326,3.9490E-01
1328,3.9080E-01
1330,3.8780E-01
1332,3.8630E-01
1334,3.8920E-01
1336,3.8660E-01
1338,3.8320E-01
1340,3.7900E-01
1342,3.8050E-01
1344,3.7980E-01
1346,3.7720E-01
1348,3.7660E-01
1350,3.7240E-01
1352,3.7420E-01
1354,3.7220E-01
1356,3.6750E-01
1358,3.6880E-01
1360,3.6730E-01
1362,3.6770E-01
1364,3.6570E-01
1366,3.6570E-01
1368,3.6280E-01
1370,3.5990E-01
1372,3.6210E-01
1374,3.6110E-01
1376,3.5610E-01
1378,3.5800E-01
1380,3.5790E-01
1382,3.5450E-01
1384,3.5470E-01
1386,3.5320E-01
1388,3.5300E-01
1390,3.5060E-01
1392,3.5130E-01
1394,3.4880E-01
1396,3.4870E-01
1398,3.4920E-01
1400,3.4270E-01
1402,3.4390E-01
1404,3.4280E-01
1406,3.4310E-01
1408,3.4270E-01
1410,3.4180E-01
1412,3.3480E-01
1414,3.3770E-01
1416,3.3850E-01
1418,3.3860E-01
1420,3.3570E-01
1422,3.3150E-01
1424,3.3110E-01
1426,3.2810E-01
1428,3.2850E-01
1430,3.2570E-01
1432,3.3000E-01
1434,3.2840E-01
1436,3.2850E-01
1438,3.2830E-01
1440,3.1880E-01
1442,3.1860E-01
1444,3.1970E-01
1446,3.2160E-01
1448,3.2160E-01
1450,3.1870E-01
1452,3.1540E-01
1454,3.1430E-01
1456,3.1310E-01
1458,3.1670E-01
1460,3.1560E-01
1462,3.1210E-01
1464,3.1050E-01
1466,3.1080E-01
1468,3.1140E-01
1470,3.1020E-01
1472,3.0730E-01
1474,3.0340E-01
1476,3.0480E-01
1478,3.0440E-01
1480,3.0680E-01
1482,3.0440E-01
1484,3.0390E-01
1486,3.0330E-01
1488,2.8550E-01
1490,3.0150E-01
1492,3.0180E-01
1494,3.0330E-01
1496,2.9720E-01
1498,2.9940E-01
1500,3.0110E-01
1502,2.9240E-01
1504,2.7990E-01
1506,2.8480E-01
1508,2.9190E-01
1510,2.9470E-01
1512,2.9130E-01
1514,2.8830E-01
1516,2.8820E-01
1518,2.8840E-01
1520,2.8660E-01
1522,2.8240E-01
1524,2.8350E-01
1526,2.8460E-01
1528,2.8460E-01
1530,2.7650E-01
1532,2.8230E-01
1534,2.7840E-01
1536,2.8060E-01
1538,2.7730E-01
1540,2.7300E-01
1542,2.7530E-01
1544,2.7780E-01
1546,2.7720E-01
1548,2.7110E-01
1550,2.7130E-01
1552,2.7310E-01
1554,2.6760E-01
1556,2.6710E-01
1558,2.6890E-01
1560,2.6830E-01
1562,2.6970E-01
1564,2.6690E-01
1566,2.6540E-01
1568,2.6330E-01
1570,2.6450E-01
1572,2.6730E-01
1574,2.6100E-01
1576,2.5360E-01
1578,2.5470E-01
1580,2.6500E-01
1582,2.5900E-01
1584,2.5910E-01
1586,2.5990E-01
1588,2.4900E-01
1590,2.4050E-01
1592,2.5260E-01
1594,2.5830E-01
1596,2.5060E-01
1598,2.5450E-01
1600,2.5120E-01
1602,2.4890E-01
1604,2.4970E-01
1606,2.4770E-01
1608,2.4910E-01
1610,2.4000E-01
1612,2.4300E-01
1614,2.4490E-01
1616,2.3740E-01
1618,2.4230E-01
1620,2.3690E-01
1622,2.3830E-01
1624,2.4160E-01
1626,2.4020E-01
1628,2.4180E-01
1630,2.3930E-01
1632,2.3870E-01
1634,2.3590E-01
1636,2.3570E-01
1638,2.2740E-01
1640,2.2620E-01
1642,2.2660E-01
1644,2.2780E-01
1646,2.2940E-01
1648,2.2920E-01
1650,2.2720E-01
1652,2.2680E-01
1654,2.2620E-01
1656,2.2600E-01
1658,2.2520E-01
1660,2.2450E-01
1662,2.2460E-01
1664,2.2270E-01
1666,2.2120E-01
1668,2.1930E-01
1670,2.2250E-01
1672,2.1730E-01
1674,2.1930E-01
1676,2.1610E-01
1678,2.1680E-01
1680,2.0800E-01
1682,2.0540E-01
1684,2.1290E-01
1686,2.1310E-01
1688,2.1200E-01
1690,2.1050E-01
1692,2.1230E-01
1694,2.1120E-01
1696,2.1000E-01
1698,2.0890E-01
1700,2.0630E-01
1702,2.0470E-01
1704,2.0520E-01
1706,2.0500E-01
1708,2.0170E-01
1710,2.0130E-01
1712,1.9820E-01
1714,2.0370E-01
1716,2.0220E-01
1718,2.0100E-01
1720,1.9930E-01
1722,1.9750E-01
1724,1.9540E-01
1726,1.9820E-01
1728,1.9710E-01
1730,1.9840E-01
1732,1.9360E-01
1734,1.8740E-01
1736,1.8270E-01
1738,1.8630E-01
1740,1.9050E-01
1742,1.9020E-01
1744,1.9070E-01
1746,1.8670E-01
1748,1.8720E-01
1750,1.8580E-01
1752,1.8500E-01
1754,1.8560E-01
1756,1.8490E-01
1758,1.8430E-01
1760,1.8310E-01
1762,1.7930E-01
1764,1.8070E-01
1766,1.8170E-01
1768,1.8020E-01
1770,1.7910E-01
1772,1.7940E-01
1774,1.7920E-01
1776,1.7630E-01
1778,1.7470E-01
1780,1.7560E-01
1782,1.7470E-01
1784,1.7350E-01
1786,1.7390E-01
1788,1.7470E-01
1790,1.7330E-01
1792,1.7210E-01
1794,1.7090E-01
1796,1.7060E-01
1798,1.7030E-01
1800,1.6990E-01
1802,1.6720E-01
1804,1.6880E-01
1806,1.6880E-01
1808,1.6850E-01
1810,1.6860E-01
1812,1.6750E-01
1814,1.6580E-01
1816,1.6050E-01
1818,1.5200E-01
1820,1.5960E-01
1822,1.5980E-01
1824,1.6240E-01
1826,1.6280E-01
1828,1.6110E-01
1830,1.6060E-01
1832,1.5930E-01
1834,1.5850E-01
1836,1.5810E-01
1838,1.5620E-01
1840,1.5620E-01
1842,1.5400E-01
1844,1.5410E-01
1846,1.5350E-01
1848,1.5100E-01
1850,1.5460E-01
1852,1.5340E-01
1854,1.5250E-01
1856,1.5090E-01
1858,1.5250E-01
1860,1.5030E-01
1862,1.5040E-01
1864,1.5090E-01
1866,1.4940E-01
1868,1.4920E-01
1870,1.5080E-01
1872,1.4730E-01
1874,1.4010E-01
1876,1.2990E-01
1878,1.4410E-01
1880,1.4620E-01
1882,1.4740E-01
1884,1.4640E-01
1886,1.4390E-01
1888,1.4530E-01
1890,1.4240E-01
1892,1.4080E-01
1894,1.3960E-01
1896,1.3730E-01
1898,1.3900E-01
1900,1.3970E-01
1902,1.4090E-01
1904,1.3860E-01
1906,1.3900E-01
1908,1.3770E-01
1910,1.3780E-01
1912,1.3540E-01
1914,1.3700E-01
1916,1.3600E-01
1918,1.3530E-01
1920,1.3330E-01
1922,1.3500E-01
1924,1.3410E-01
1926,1.3440E-01
1928,1.3220E-01
1930,1.3130E-01
1932,1.3080E-01
1934,1.3200E-01
1936,1.3280E-01
1938,1.3210E-01
1940,1.2990E-01
1942,1.2940E-01
1944,1.2030E-01
1946,1.1920E-01
1948,1.2710E-01
1950,1.2610E-01
1952,1.2550E-01
1954,1.2860E-01
1956,1.2760E-01
1958,1.2710E-01
1960,1.2610E-01
1962,1.2400E-01
1964,1.2220E-01
1966,1.2310E-01
1968,1.2400E-01
1970,1.2390E-01
1972,1.2130E-01
1974,1.2080E-01
1976,1.2240E-01
1978,1.1940E-01
1980,1.1960E-01
1982,1.2050E-01
1984,1.1970E-01
1986,1.1780E-01
1988,1.1950E-01
1990,1.1980E-01
1992,1.1800E-01
1994,1.1620E-01
1996,1.1730E-01
1998,1.1590E-01
2000,1.1700E-01
2002,1.1610E-01
2004,1.1480E-01
2006,1.1470E-01
2008,1.1540E-01
2010,1.1490E-01
2012,1.1450E-01
2014,1.1380E-01
2016,1.1370E-01
2018,1.1340E-01
2020,1.1160E-01
2022,1.1070E-01
2024,1.1160E-01
2026,1.1150E-01
2028,1.1070E-01
2030,1.0860E-01
2032,1.0980E-01
2034,1.0920E-01
2036,1.0830E-01
2038,1.0640E-01
2040,1.0780E-01
2042,1.0760E-01
2044,1.0760E-01
2046,1.0710E-01
2048,1.0630E-01
2050,1.0590E-01
2052,1.0470E-01
2054,1.0460E-01
2056,1.0460E-01
2058,1.0400E-01
2060,1.0280E-01
2062,1.0230E-01
2064,1.0050E-01
2066,1.0250E-01
2068,1.0190E-01
2070,1.0030E-01
2072,1.0040E-01
2074,1.0090E-01
2076,1.0060E-01
2078,1.0000E-01
2080,9.8780E-02
2082,9.8640E-02
2084,9.7720E-02
2086,9.8520E-02
2088,9.8350E-02
2090,9.7880E-02
2092,9.5670E-02
2094,9.5930E-02
2096,9.5800E-02
2098,9.6200E-02
2100,9.6060E-02
2102,9.5770E-02
2104,9.5590E-02
2106,9.5740E-02
2108,9.5130E-02
2110,9.3960E-02
2112,9.4520E-02
2114,9.4360E-02
2116,9.3310E-02
2118,9.3110E-02
2120,9.2750E-02
2122,9.2750E-02
2124,9.1890E-02
2126,9.2080E-02
2128,9.2250E-02
2130,9.2090E-02
2132,9.2100E-02
2134,9.1550E-02
2136,9.0120E-02
2138,9.1100E-02
2140,9.0830E-02
2142,9.0640E-02
2144,9.0060E-02
2146,8.9390E-02
2148,8.9790E-02
2150,8.9570E-02
2152,8.9130E-02
2154,8.8780E-02
2156,8.8740E-02
2158,8.8420E-02
2160,8.7810E-02
2162,8.6860E-02
2164,8.4560E-02
2166,7.8490E-02
2168,8.3000E-02
2170,8.5570E-02
2172,8.5910E-02
2174,8.5920E-02
2176,8.5320E-02
2178,8.4250E-02
2180,8.4970E-02
2182,8.4250E-02
2184,8.4570E-02
2186,8.4650E-02
2188,8.2770E-02
2190,8.3040E-02
2192,8.3770E-02
2194,8.3490E-02
2196,8.3180E-02
2198,8.2990E-02
2200,8.2650E-02
2202,8.2300E-02
2204,8.2110E-02
2206,7.9660E-02
2208,7.9660E-02
2210,8.0800E-02
2212,8.1050E-02
2214,8.0720E-02
2216,7.9940E-02
2218,7.9700E-02
2220,7.9970E-02
2222,7.9620E-02
2224,7.9260E-02
2226,7.8110E-02
2228,7.8260E-02
2230,7.8310E-02
2232,7.8150E-02
2234,7.8020E-02
2236,7.7580E-02
2238,7.6480E-02
2240,7.6390E-02
2242,7.6420E-02
2244,7.6240E-02
2246,7.6120E-02
2248,7.5200E-02
2250,7.5410E-02
2252,7.5120E-02
2254,7.4020E-02
2256,7.4220E-02
2258,7.4410E-02
2260,7.4210E-02
2262,7.2990E-02
2264,7.3290E-02
2266,7.3150E-02
2268,7.3270E-02
2270,7.2970E-02
2272,7.2770E-02
2274,7.2520E-02
2276,7.2390E-02
2278,7.2420E-02
2280,7.1650E-02
2282,7.0070E-02
2284,7.1250E-02
2286,7.1240E-02
2288,7.1270E-02
2290,7.1100E-02
2292,7.0670E-02
2294,6.9200E-02
2296,6.9080E-02
2298,6.9190E-02
2300,6.9530E-02
2302,6.9550E-02
2304,6.9310E-02
2306,6.9230E-02
2308,6.9010E-02
2310,6.8700E-02
2312,6.8670E-02
2314,6.8260E-02
2316,6.7790E-02
2318,6.7450E-02
2320,6.7680E-02
2322,6.6750E-02
2324,6.5360E-02
2326,6.5590E-02
2328,6.6290E-02
2330,6.6160E-02
2332,6.5840E-02
2334,6.5710E-02
2336,6.5360E-02
2338,6.4960E-02
2340,6.5200E-02
2342,6.5390E-02
2344,6.5090E-02
2346,6.4860E-02
2348,6.4720E-02
2350,6.4530E-02
2352,6.2890E-02
2354,6.2390E-02
2356,6.2820E-02
2358,6.2660E-02
2360,6.3080E-02
2362,6.3050E-02
2364,6.2950E-02
2366,6.2840E-02
2368,6.2630E-02
2370,6.2110E-02
2372,6.2070E-02
2374,6.0660E-02
2376,6.1640E-02
2378,6.1920E-02
2380,6.1720E-02
2382,6.0980E-02
2384,5.8850E-02
2386,5.9080E-02
2388,6.0040E-02
2390,6.0290E-02
2392,6.0080E-02
2394,6.0030E-02
2396,5.9960E-02
2398,5.9890E-02
2400,5.9440E-02
2402,5.9650E-02
2404,5.9450E-02
2406,5.9190E-02
2408,5.9150E-02
2410,5.9020E-02
2412,5.8940E-02
2414,5.7340E-02
2416,5.5990E-02
2418,5.7480E-02
2420,5.7700E-02
2422,5.7670E-02
2424,5.7260E-02
2426,5.7170E-02
2428,5.7120E-02
2430,5.7120E-02
2432,5.7020E-02
2434,5.6410E-02
2436,5.6180E-02
2438,5.5990E-02
2440,5.6390E-02
2442,5.6170E-02
2444,5.6030E-02
2446,5.4980E-02
2448,5.4570E-02
2450,5.4620E-02
2452,5.4320E-02
2454,5.4550E-02
2456,5.3700E-02
2458,5.3920E-02
2460,5.4570E-02
2462,5.4420E-02
2464,5.4350E-02
2466,5.4050E-02
2468,5.3900E-02
2470,5.2850E-02
2472,5.3300E-02
2474,5.3130E-02
2476,5.3430E-02
2478,5.3030E-02
2480,5.1770E-02
2482,5.1400E-02
2484,5.2190E-02
2486,5.1600E-02
2488,5.1690E-02
2490,5.2250E-02
2492,5.1980E-02
2494,5.1750E-02
2496,5.1520E-02
2498,5.1540E-02
2500,5.1550E-02
2520,4.9840E-02
2540,4.8140E-02
2560,4.6720E-02
2580,4.5500E-02
2600,4.4570E-02
2620,4.3050E-02
2640,4.2110E-02
2660,4.0790E-02
2680,3.9680E-02
2700,3.8670E-02
2720,3.7630E-02
2740,3.6630E-02
2760,3.5460E-02
2780,3.4680E-02
2800,3.3850E-02
2820,3.2970E-02
2840,3.2090E-02
2860,3.1190E-02
2880,3.0320E-02
2900,2.9690E-02
2920,2.8900E-02
2940,2.8170E-02
2960,2.7500E-02
2980,2.6820E-02
3000,2.6120E-02
3020,2.5470E-02
3040,2.4650E-02
3060,2.4220E-02
3080,2.3640E-02
3100,2.3060E-02
3120,2.2460E-02
3140,2.1980E-02
3160,2.1440E-02
3180,2.0960E-02
3200,2.0480E-02
3220,2.0000E-02
3240,1.9510E-02
3260,1.9070E-02
3280,1.8580E-02
3300,1.8020E-02
3320,1.7680E-02
3340,1.7370E-02
3360,1.6970E-02
3380,1.6590E-02
3400,1.6150E-02
3420,1.5840E-02
3440,1.5540E-02
3460,1.5200E-02
3480,1.4860E-02
3500,1.4560E-02
3520,1.4250E-02
3540,1.3930E-02
3560,1.3620E-02
3580,1.3340E-02
3600,1.3070E-02
3620,1.2810E-02
3640,1.2510E-02
3660,1.2220E-02
3680,1.1930E-02
3700,1.1620E-02
3720,1.1450E-02
3740,1.1080E-02
3760,1.0960E-02
3780,1.0780E-02
3800,1.0570E-02
3820,1.0380E-02
3840,1.0190E-02
3860,9.9830E-03
3880,9.7820E-03
3900,9.5990E-03
3920,9.4270E-03
3940,9.2330E-03
3960,9.0320E-03
3980,8.8570E-03
4000,8.6690E-03